className,name,parentEmail
1A British,Amina Al Amin,amina.al-amin@family.test
1A British,Zain Lutfi,zain.lutfi@family.test
1A British,Tala Caldwell,tala.caldwell@family.test
1A British,Marwan Norbury,marwan.norbury@family.test
1A British,Leen El Masri,leen.el-masri@family.test
1A British,Freya Qadri,freya.qadri@family.test
1A British,Jacob Garrick,
1A British,Ada Renshaw,ada.renshaw@family.test
1A British,Nabil Ismail,nabil.ismail@family.test
1A British,Karim Wahbi,karim.wahbi@family.test
1A British,Noor Kendrick,noor.kendrick@family.test
1A British,Sami Barakat,sami.barakat@family.test
1A British,Aya Mansour,aya.mansour@family.test
1A British,Amelia Dunmore,
1A British,Ethan Oakhurst,ethan.oakhurst@family.test
1A British,Maya-Rose Fahmy,maya-rose.fahmy@family.test
1A British,Hadi Rifai,hadi.rifai@family.test
1B British,Rasha Hensley,rasha.hensley@family.test
1B British,Jana Stanbury,jana.stanbury@family.test
1B British,Lina Jaber,lina.jaber@family.test
1B British,Hiba Ashworth,hiba.ashworth@family.test
1B British,Anas Langley,anas.langley@family.test
1B British,Leo Chahine,leo.chahine@family.test
1B British,Clara Nabhan,
1B British,Toby Eastley,toby.eastley@family.test
1B British,Dina Prentice,dina.prentice@family.test
1B British,Layla Ghanem,layla.ghanem@family.test
1B British,Rayan Sabbagh,rayan.sabbagh@family.test
1B British,Farah Ingleby,farah.ingleby@family.test
1B British,Fares Thorley,fares.thorley@family.test
1B British,Oliver Kassab,
1B British,Ivy Brentwood,ivy.brentwood@family.test
1B British,Felix Merrick,felix.merrick@family.test
1B British,Rita Darwish,rita.darwish@family.test
1B British,Jamil Obeid,jamil.obeid@family.test
1B British,Adam Fairholm,adam.fairholm@family.test
1B British,Hamza Quillan,hamza.quillan@family.test
1B British,Jad Hourani,
1B British,Sireen Tannous,sireen.tannous@family.test
1B British,Isla Jarrow,isla.jarrow@family.test
1C British,Lucas Barakat,lucas.barakat@family.test
1C British,Eliza Mansour,eliza.mansour@family.test
1C British,Kareem Dunmore,kareem.dunmore@family.test
1C British,Youssef Oakhurst,youssef.oakhurst@family.test
1C British,Maya Fahmy,maya.fahmy@family.test
1C British,Ali Rifai,ali.rifai@family.test
1C British,Reem Hensley,
1C British,Mazen Stanbury,mazen.stanbury@family.test
1C British,Noah Jaber,noah.jaber@family.test
1C British,Rosie Ashworth,rosie.ashworth@family.test
1C British,Zayd Langley,zayd.langley@family.test
1C British,Yara Chahine,yara.chahine@family.test
1C British,Salma Nabhan,salma.nabhan@family.test
1C British,Malak Eastley,
1C British,Dana Prentice,dana.prentice@family.test
1C British,Basel Ghanem,basel.ghanem@family.test
1C British,Harry Sabbagh,harry.sabbagh@family.test
1C British,Nina Ingleby,nina.ingleby@family.test
1D British,Arthur Thorley,arthur.thorley@family.test
1D British,Sana Kassab,sana.kassab@family.test
1D British,Amina Brentwood,amina.brentwood@family.test
1D British,Zain Merrick,zain.merrick@family.test
1D British,Tala Darwish,tala.darwish@family.test
1D British,Marwan Obeid,marwan.obeid@family.test
1D British,Leen Fairholm,
1D British,Freya Quillan,freya.quillan@family.test
1D British,Jacob Hourani,jacob.hourani@family.test
1D British,Ada Tannous,ada.tannous@family.test
1D British,Nabil Jarrow,nabil.jarrow@family.test
1D British,Karim Al Amin,karim.al-amin@family.test
1D British,Noor Lutfi,noor.lutfi@family.test
1D British,Sami Caldwell,
1D British,Aya Norbury,aya.norbury@family.test
1D British,Amelia El Masri,amelia.el-masri@family.test
1D British,Ethan Qadri,ethan.qadri@family.test
1D British,Maya-Rose Garrick,maya-rose.garrick@family.test
1D British,Hadi Renshaw,hadi.renshaw@family.test
1D British,Rasha Ismail,rasha.ismail@family.test
1D British,Jana Wahbi,
1D British,Lina Kendrick,lina.kendrick@family.test
1E British,Hiba Chahine,hiba.chahine@family.test
1E British,Anas Nabhan,anas.nabhan@family.test
1E British,Leo Eastley,leo.eastley@family.test
1E British,Clara Prentice,clara.prentice@family.test
1E British,Toby Ghanem,toby.ghanem@family.test
1E British,Dina Sabbagh,dina.sabbagh@family.test
1E British,Layla Ingleby,
1E British,Rayan Thorley,rayan.thorley@family.test
1E British,Farah Kassab,farah.kassab@family.test
1E British,Fares Brentwood,fares.brentwood@family.test
1E British,Oliver Merrick,oliver.merrick@family.test
1E British,Ivy Darwish,ivy.darwish@family.test
1E British,Felix Obeid,felix.obeid@family.test
1E British,Rita Fairholm,
1E British,Jamil Quillan,jamil.quillan@family.test
1E British,Adam Hourani,adam.hourani@family.test
2A British,Hamza Tannous,hamza.tannous@family.test
2A British,Jad Jarrow,jad.jarrow@family.test
2A British,Sireen Al Amin,sireen.al-amin@family.test
2A British,Isla Lutfi,isla.lutfi@family.test
2A British,Lucas Caldwell,lucas.caldwell@family.test
2A British,Eliza Norbury,eliza.norbury@family.test
2A British,Kareem El Masri,
2A British,Youssef Qadri,youssef.qadri@family.test
2A British,Maya Garrick,maya.garrick@family.test
2A British,Ali Renshaw,ali.renshaw@family.test
2A British,Reem Ismail,reem.ismail@family.test
2A British,Mazen Wahbi,mazen.wahbi@family.test
2A British,Noah Kendrick,noah.kendrick@family.test
2A British,Rosie Barakat,
2A British,Zayd Mansour,zayd.mansour@family.test
2A British,Yara Dunmore,yara.dunmore@family.test
2A British,Salma Oakhurst,salma.oakhurst@family.test
2A British,Malak Fahmy,malak.fahmy@family.test
2A British,Dana Rifai,dana.rifai@family.test
2A British,Basel Hensley,basel.hensley@family.test
2A British,Harry Stanbury,
2A British,Nina Jaber,nina.jaber@family.test
2A British,Arthur Ashworth,arthur.ashworth@family.test
2A British,Sana Langley,sana.langley@family.test
2B British,Amina Darwish,amina.darwish@family.test
2B British,Zain Obeid,zain.obeid@family.test
2B British,Tala Fairholm,tala.fairholm@family.test
2B British,Marwan Quillan,marwan.quillan@family.test
2B British,Leen Hourani,leen.hourani@family.test
2B British,Freya Tannous,freya.tannous@family.test
2B British,Jacob Jarrow,
2B British,Ada Al Amin,ada.al-amin@family.test
2B British,Nabil Lutfi,nabil.lutfi@family.test
2B British,Karim Caldwell,karim.caldwell@family.test
2B British,Noor Norbury,noor.norbury@family.test
2B British,Sami El Masri,sami.el-masri@family.test
2B British,Aya Qadri,aya.qadri@family.test
2B British,Amelia Garrick,
2B British,Ethan Renshaw,ethan.renshaw@family.test
2B British,Maya-Rose Ismail,maya-rose.ismail@family.test
2B British,Hadi Wahbi,hadi.wahbi@family.test
2B British,Rasha Kendrick,rasha.kendrick@family.test
2B British,Jana Barakat,jana.barakat@family.test
2C British,Lina Mansour,lina.mansour@family.test
2C British,Hiba Dunmore,hiba.dunmore@family.test
2C British,Anas Oakhurst,anas.oakhurst@family.test
2C British,Leo Fahmy,leo.fahmy@family.test
2C British,Clara Rifai,clara.rifai@family.test
2C British,Toby Hensley,toby.hensley@family.test
2C British,Dina Stanbury,
2C British,Layla Jaber,layla.jaber@family.test
2C British,Rayan Ashworth,rayan.ashworth@family.test
2C British,Farah Langley,farah.langley@family.test
2C British,Fares Chahine,fares.chahine@family.test
2C British,Oliver Nabhan,oliver.nabhan@family.test
2C British,Ivy Eastley,ivy.eastley@family.test
2C British,Felix Prentice,
2C British,Rita Ghanem,rita.ghanem@family.test
2C British,Jamil Sabbagh,jamil.sabbagh@family.test
2C British,Adam Ingleby,adam.ingleby@family.test
2C British,Hamza Thorley,hamza.thorley@family.test
2C British,Jad Kassab,jad.kassab@family.test
2C British,Sireen Brentwood,sireen.brentwood@family.test
2C British,Isla Merrick,
2D British,Lucas El Masri,lucas.el-masri@family.test
2D British,Eliza Qadri,eliza.qadri@family.test
2D British,Kareem Garrick,kareem.garrick@family.test
2D British,Youssef Renshaw,youssef.renshaw@family.test
2D British,Maya Ismail,maya.ismail@family.test
2D British,Ali Wahbi,ali.wahbi@family.test
2D British,Reem Kendrick,
2D British,Mazen Barakat,mazen.barakat@family.test
2D British,Noah Mansour,noah.mansour@family.test
2D British,Rosie Dunmore,rosie.dunmore@family.test
2D British,Zayd Oakhurst,zayd.oakhurst@family.test
2D British,Yara Fahmy,yara.fahmy@family.test
2D British,Salma Rifai,salma.rifai@family.test
2D British,Malak Hensley,
2D British,Dana Stanbury,dana.stanbury@family.test
2E British,Basel Jaber,basel.jaber@family.test
2E British,Harry Ashworth,harry.ashworth@family.test
2E British,Nina Langley,nina.langley@family.test
2E British,Arthur Chahine,arthur.chahine@family.test
2E British,Sana Nabhan,sana.nabhan@family.test
2E British,Amina Eastley,amina.eastley@family.test
2E British,Zain Prentice,
2E British,Tala Ghanem,tala.ghanem@family.test
2E British,Marwan Sabbagh,marwan.sabbagh@family.test
2E British,Leen Ingleby,leen.ingleby@family.test
2E British,Freya Thorley,freya.thorley@family.test
2E British,Jacob Kassab,jacob.kassab@family.test
2E British,Ada Brentwood,ada.brentwood@family.test
2E British,Nabil Merrick,
2E British,Karim Darwish,karim.darwish@family.test
2E British,Noor Obeid,noor.obeid@family.test
2E British,Sami Fairholm,sami.fairholm@family.test
2E British,Aya Quillan,aya.quillan@family.test
2E British,Amelia Hourani,amelia.hourani@family.test
2E British,Ethan Tannous,ethan.tannous@family.test
2E British,Maya-Rose Jarrow,
2E British,Hadi Al Amin,hadi.al-amin@family.test
2E British,Rasha Lutfi,rasha.lutfi@family.test
2E British,Jana Caldwell,jana.caldwell@family.test
2E British,Lina Norbury,lina.norbury@family.test
3A British,Hiba Fahmy,hiba.fahmy@family.test
3A British,Anas Rifai,anas.rifai@family.test
3A British,Leo Hensley,leo.hensley@family.test
3A British,Clara Stanbury,clara.stanbury@family.test
3A British,Toby Jaber,toby.jaber@family.test
3A British,Dina Ashworth,dina.ashworth@family.test
3A British,Layla Langley,
3A British,Rayan Chahine,rayan.chahine@family.test
3A British,Farah Nabhan,farah.nabhan@family.test
3A British,Fares Eastley,fares.eastley@family.test
3A British,Oliver Prentice,oliver.prentice@family.test
3A British,Ivy Ghanem,ivy.ghanem@family.test
3A British,Felix Sabbagh,felix.sabbagh@family.test
3A British,Rita Ingleby,
3A British,Jamil Thorley,jamil.thorley@family.test
3A British,Adam Kassab,adam.kassab@family.test
3A British,Hamza Brentwood,hamza.brentwood@family.test
3A British,Jad Merrick,jad.merrick@family.test
3B British,Sireen Darwish,sireen.darwish@family.test
3B British,Isla Obeid,isla.obeid@family.test
3B British,Lucas Fairholm,lucas.fairholm@family.test
3B British,Eliza Quillan,eliza.quillan@family.test
3B British,Kareem Hourani,kareem.hourani@family.test
3B British,Youssef Tannous,youssef.tannous@family.test
3B British,Maya Jarrow,
3B British,Ali Al Amin,ali.al-amin@family.test
3B British,Reem Lutfi,reem.lutfi@family.test
3B British,Mazen Caldwell,mazen.caldwell@family.test
3B British,Noah Norbury,noah.norbury@family.test
3B British,Rosie El Masri,rosie.el-masri@family.test
3B British,Zayd Qadri,zayd.qadri@family.test
3B British,Yara Garrick,
3B British,Salma Renshaw,salma.renshaw@family.test
3B British,Malak Ismail,malak.ismail@family.test
3B British,Dana Wahbi,dana.wahbi@family.test
3B British,Basel Kendrick,basel.kendrick@family.test
3B British,Harry Barakat,harry.barakat@family.test
3B British,Nina Mansour,nina.mansour@family.test
3B British,Arthur Dunmore,
3B British,Sana Oakhurst,sana.oakhurst@family.test
3C British,Amina Ghanem,amina.ghanem@family.test
3C British,Zain Sabbagh,zain.sabbagh@family.test
3C British,Tala Ingleby,tala.ingleby@family.test
3C British,Marwan Thorley,marwan.thorley@family.test
3C British,Leen Kassab,leen.kassab@family.test
3C British,Freya Brentwood,freya.brentwood@family.test
3C British,Jacob Merrick,
3C British,Ada Darwish,ada.darwish@family.test
3C British,Nabil Obeid,nabil.obeid@family.test
3C British,Karim Fairholm,karim.fairholm@family.test
3C British,Noor Quillan,noor.quillan@family.test
3C British,Sami Hourani,sami.hourani@family.test
3C British,Aya Tannous,aya.tannous@family.test
3C British,Amelia Jarrow,
3C British,Ethan Al Amin,ethan.al-amin@family.test
3C British,Maya-Rose Lutfi,maya-rose.lutfi@family.test
3C British,Hadi Caldwell,hadi.caldwell@family.test
3D British,Rasha Norbury,rasha.norbury@family.test
3D British,Jana El Masri,jana.el-masri@family.test
3D British,Lina Qadri,lina.qadri@family.test
3D British,Hiba Garrick,hiba.garrick@family.test
3D British,Anas Renshaw,anas.renshaw@family.test
3D British,Leo Ismail,leo.ismail@family.test
3D British,Clara Wahbi,
3D British,Toby Kendrick,toby.kendrick@family.test
3D British,Dina Barakat,dina.barakat@family.test
3D British,Layla Mansour,layla.mansour@family.test
3D British,Rayan Dunmore,rayan.dunmore@family.test
3D British,Farah Oakhurst,farah.oakhurst@family.test
3D British,Fares Fahmy,fares.fahmy@family.test
3D British,Oliver Rifai,
3D British,Ivy Hensley,ivy.hensley@family.test
3D British,Felix Stanbury,felix.stanbury@family.test
3D British,Rita Jaber,rita.jaber@family.test
3D British,Jamil Ashworth,jamil.ashworth@family.test
3D British,Adam Langley,adam.langley@family.test
3D British,Hamza Chahine,hamza.chahine@family.test
3D British,Jad Nabhan,
3D British,Sireen Eastley,sireen.eastley@family.test
3D British,Isla Prentice,isla.prentice@family.test
3E British,Lucas Hourani,lucas.hourani@family.test
3E British,Eliza Tannous,eliza.tannous@family.test
3E British,Kareem Jarrow,kareem.jarrow@family.test
3E British,Youssef Al Amin,youssef.al-amin@family.test
3E British,Maya Lutfi,maya.lutfi@family.test
3E British,Ali Caldwell,ali.caldwell@family.test
3E British,Reem Norbury,
3E British,Mazen El Masri,mazen.el-masri@family.test
3E British,Noah Qadri,noah.qadri@family.test
3E British,Rosie Garrick,rosie.garrick@family.test
3E British,Zayd Renshaw,zayd.renshaw@family.test
3E British,Yara Ismail,yara.ismail@family.test
3E British,Salma Wahbi,salma.wahbi@family.test
3E British,Malak Kendrick,
3E British,Dana Barakat,dana.barakat@family.test
3E British,Basel Mansour,basel.mansour@family.test
3E British,Harry Dunmore,harry.dunmore@family.test
3E British,Nina Oakhurst,nina.oakhurst@family.test
3E British,Arthur Fahmy,arthur.fahmy@family.test
1A American,Sana Rifai,sana.rifai@family.test
1A American,Amina Hensley,amina.hensley@family.test
1A American,Zain Stanbury,zain.stanbury@family.test
1A American,Tala Jaber,tala.jaber@family.test
1A American,Marwan Ashworth,marwan.ashworth@family.test
1A American,Leen Langley,leen.langley@family.test
1A American,Freya Chahine,
1A American,Jacob Nabhan,jacob.nabhan@family.test
1A American,Ada Eastley,ada.eastley@family.test
1A American,Nabil Prentice,nabil.prentice@family.test
1A American,Karim Ghanem,karim.ghanem@family.test
1A American,Noor Sabbagh,noor.sabbagh@family.test
1A American,Sami Ingleby,sami.ingleby@family.test
1A American,Aya Thorley,
1A American,Amelia Kassab,amelia.kassab@family.test
1A American,Ethan Brentwood,ethan.brentwood@family.test
1A American,Maya-Rose Merrick,maya-rose.merrick@family.test
1A American,Hadi Darwish,hadi.darwish@family.test
1A American,Rasha Obeid,rasha.obeid@family.test
1A American,Jana Fairholm,jana.fairholm@family.test
1A American,Lina Quillan,
1B American,Hiba Ismail,hiba.ismail@family.test
1B American,Anas Wahbi,anas.wahbi@family.test
1B American,Leo Kendrick,leo.kendrick@family.test
1B American,Clara Barakat,clara.barakat@family.test
1B American,Toby Mansour,toby.mansour@family.test
1B American,Dina Dunmore,dina.dunmore@family.test
1B American,Layla Oakhurst,
1B American,Rayan Fahmy,rayan.fahmy@family.test
1B American,Farah Rifai,farah.rifai@family.test
1B American,Fares Hensley,fares.hensley@family.test
1B American,Oliver Stanbury,oliver.stanbury@family.test
1B American,Ivy Jaber,ivy.jaber@family.test
1B American,Felix Ashworth,felix.ashworth@family.test
1B American,Rita Langley,
1B American,Jamil Chahine,jamil.chahine@family.test
1B American,Adam Nabhan,adam.nabhan@family.test
1C American,Hamza Eastley,hamza.eastley@family.test
1C American,Jad Prentice,jad.prentice@family.test
1C American,Sireen Ghanem,sireen.ghanem@family.test
1C American,Isla Sabbagh,isla.sabbagh@family.test
1C American,Lucas Ingleby,lucas.ingleby@family.test
1C American,Eliza Thorley,eliza.thorley@family.test
1C American,Kareem Kassab,
1C American,Youssef Brentwood,youssef.brentwood@family.test
1C American,Maya Merrick,maya.merrick@family.test
1C American,Ali Darwish,ali.darwish@family.test
1C American,Reem Obeid,reem.obeid@family.test
1C American,Mazen Fairholm,mazen.fairholm@family.test
1C American,Noah Quillan,noah.quillan@family.test
1C American,Rosie Hourani,
1C American,Zayd Tannous,zayd.tannous@family.test
1C American,Yara Jarrow,yara.jarrow@family.test
1C American,Salma Al Amin,salma.al-amin@family.test
1C American,Malak Lutfi,malak.lutfi@family.test
1C American,Dana Caldwell,dana.caldwell@family.test
1C American,Basel Norbury,basel.norbury@family.test
1C American,Harry El Masri,
1C American,Nina Qadri,nina.qadri@family.test
1C American,Arthur Garrick,arthur.garrick@family.test
1C American,Sana Renshaw,sana.renshaw@family.test
1D American,Amina Jaber,amina.jaber@family.test
1D American,Zain Ashworth,zain.ashworth@family.test
1D American,Tala Langley,tala.langley@family.test
1D American,Marwan Chahine,marwan.chahine@family.test
1D American,Leen Nabhan,leen.nabhan@family.test
1D American,Freya Eastley,freya.eastley@family.test
1D American,Jacob Prentice,
1D American,Ada Ghanem,ada.ghanem@family.test
1D American,Nabil Sabbagh,nabil.sabbagh@family.test
1D American,Karim Ingleby,karim.ingleby@family.test
1D American,Noor Thorley,noor.thorley@family.test
1D American,Sami Kassab,sami.kassab@family.test
1D American,Aya Brentwood,aya.brentwood@family.test
1D American,Amelia Merrick,
1D American,Ethan Darwish,ethan.darwish@family.test
1D American,Maya-Rose Obeid,maya-rose.obeid@family.test
1D American,Hadi Fairholm,hadi.fairholm@family.test
1D American,Rasha Quillan,rasha.quillan@family.test
1E American,Jana Hourani,jana.hourani@family.test
1E American,Lina Tannous,lina.tannous@family.test
1E American,Hiba Jarrow,hiba.jarrow@family.test
1E American,Anas Al Amin,anas.al-amin@family.test
1E American,Leo Lutfi,leo.lutfi@family.test
1E American,Clara Caldwell,clara.caldwell@family.test
1E American,Toby Norbury,
1E American,Dina El Masri,dina.el-masri@family.test
1E American,Layla Qadri,layla.qadri@family.test
1E American,Rayan Garrick,rayan.garrick@family.test
1E American,Farah Renshaw,farah.renshaw@family.test
1E American,Fares Ismail,fares.ismail@family.test
1E American,Oliver Wahbi,oliver.wahbi@family.test
1E American,Ivy Kendrick,
1E American,Felix Barakat,felix.barakat@family.test
1E American,Rita Mansour,rita.mansour@family.test
1E American,Jamil Dunmore,jamil.dunmore@family.test
1E American,Adam Oakhurst,adam.oakhurst@family.test
1E American,Hamza Fahmy,hamza.fahmy@family.test
1E American,Jad Rifai,jad.rifai@family.test
1E American,Sireen Hensley,
1E American,Isla Stanbury,isla.stanbury@family.test
2A American,Lucas Kassab,lucas.kassab@family.test
2A American,Eliza Brentwood,eliza.brentwood@family.test
2A American,Kareem Merrick,kareem.merrick@family.test
2A American,Youssef Darwish,youssef.darwish@family.test
2A American,Maya Obeid,maya.obeid@family.test
2A American,Ali Fairholm,ali.fairholm@family.test
2A American,Reem Quillan,
2A American,Mazen Hourani,mazen.hourani@family.test
2A American,Noah Tannous,noah.tannous@family.test
2A American,Rosie Jarrow,rosie.jarrow@family.test
2A American,Zayd Al Amin,zayd.al-amin@family.test
2A American,Yara Lutfi,yara.lutfi@family.test
2A American,Salma Caldwell,salma.caldwell@family.test
2A American,Malak Norbury,
2A American,Dana El Masri,dana.el-masri@family.test
2A American,Basel Qadri,basel.qadri@family.test
2A American,Harry Garrick,harry.garrick@family.test
2A American,Nina Renshaw,nina.renshaw@family.test
2A American,Arthur Ismail,arthur.ismail@family.test
2B American,Sana Wahbi,sana.wahbi@family.test
2B American,Amina Kendrick,amina.kendrick@family.test
2B American,Zain Barakat,zain.barakat@family.test
2B American,Tala Mansour,tala.mansour@family.test
2B American,Marwan Dunmore,marwan.dunmore@family.test
2B American,Leen Oakhurst,leen.oakhurst@family.test
2B American,Freya Fahmy,
2B American,Jacob Rifai,jacob.rifai@family.test
2B American,Ada Hensley,ada.hensley@family.test
2B American,Nabil Stanbury,nabil.stanbury@family.test
2B American,Karim Jaber,karim.jaber@family.test
2B American,Noor Ashworth,noor.ashworth@family.test
2B American,Sami Langley,sami.langley@family.test
2B American,Aya Chahine,
2B American,Amelia Nabhan,amelia.nabhan@family.test
2B American,Ethan Eastley,ethan.eastley@family.test
2B American,Maya-Rose Prentice,maya-rose.prentice@family.test
2B American,Hadi Ghanem,hadi.ghanem@family.test
2B American,Rasha Sabbagh,rasha.sabbagh@family.test
2B American,Jana Ingleby,jana.ingleby@family.test
2B American,Lina Thorley,
2C American,Hiba Lutfi,hiba.lutfi@family.test
2C American,Anas Caldwell,anas.caldwell@family.test
2C American,Leo Norbury,leo.norbury@family.test
2C American,Clara El Masri,clara.el-masri@family.test
2C American,Toby Qadri,toby.qadri@family.test
2C American,Dina Garrick,dina.garrick@family.test
2C American,Layla Renshaw,
2C American,Rayan Ismail,rayan.ismail@family.test
2C American,Farah Wahbi,farah.wahbi@family.test
2C American,Fares Kendrick,fares.kendrick@family.test
2C American,Oliver Barakat,oliver.barakat@family.test
2C American,Ivy Mansour,ivy.mansour@family.test
2C American,Felix Dunmore,felix.dunmore@family.test
2C American,Rita Oakhurst,
2C American,Jamil Fahmy,jamil.fahmy@family.test
2C American,Adam Rifai,adam.rifai@family.test
2C American,Hamza Hensley,hamza.hensley@family.test
2D American,Jad Stanbury,jad.stanbury@family.test
2D American,Sireen Jaber,sireen.jaber@family.test
2D American,Isla Ashworth,isla.ashworth@family.test
2D American,Lucas Langley,lucas.langley@family.test
2D American,Eliza Chahine,eliza.chahine@family.test
2D American,Kareem Nabhan,kareem.nabhan@family.test
2D American,Youssef Eastley,
2D American,Maya Prentice,maya.prentice@family.test
2D American,Ali Ghanem,ali.ghanem@family.test
2D American,Reem Sabbagh,reem.sabbagh@family.test
2D American,Mazen Ingleby,mazen.ingleby@family.test
2D American,Noah Thorley,noah.thorley@family.test
2D American,Rosie Kassab,rosie.kassab@family.test
2D American,Zayd Brentwood,
2D American,Yara Merrick,yara.merrick@family.test
2D American,Salma Darwish,salma.darwish@family.test
2D American,Malak Obeid,malak.obeid@family.test
2D American,Dana Fairholm,dana.fairholm@family.test
2D American,Basel Quillan,basel.quillan@family.test
2D American,Harry Hourani,harry.hourani@family.test
2D American,Nina Tannous,
2D American,Arthur Jarrow,arthur.jarrow@family.test
2D American,Sana Al Amin,sana.al-amin@family.test
2E American,Amina Mansour,amina.mansour@family.test
2E American,Zain Dunmore,zain.dunmore@family.test
2E American,Tala Oakhurst,tala.oakhurst@family.test
2E American,Marwan Fahmy,marwan.fahmy@family.test
2E American,Leen Rifai,leen.rifai@family.test
2E American,Freya Hensley,freya.hensley@family.test
2E American,Jacob Stanbury,
2E American,Ada Jaber,ada.jaber@family.test
2E American,Nabil Ashworth,nabil.ashworth@family.test
2E American,Karim Langley,karim.langley@family.test
2E American,Noor Chahine,noor.chahine@family.test
2E American,Sami Nabhan,sami.nabhan@family.test
2E American,Aya Eastley,aya.eastley@family.test
2E American,Amelia Prentice,
2E American,Ethan Ghanem,ethan.ghanem@family.test
2E American,Maya-Rose Sabbagh,maya-rose.sabbagh@family.test
2E American,Hadi Ingleby,hadi.ingleby@family.test
2E American,Rasha Thorley,rasha.thorley@family.test
3A American,Jana Kassab,jana.kassab@family.test
3A American,Lina Brentwood,lina.brentwood@family.test
3A American,Hiba Merrick,hiba.merrick@family.test
3A American,Anas Darwish,anas.darwish@family.test
3A American,Leo Obeid,leo.obeid@family.test
3A American,Clara Fairholm,clara.fairholm@family.test
3A American,Toby Quillan,
3A American,Dina Hourani,dina.hourani@family.test
3A American,Layla Tannous,layla.tannous@family.test
3A American,Rayan Jarrow,rayan.jarrow@family.test
3A American,Farah Al Amin,farah.al-amin@family.test
3A American,Fares Lutfi,fares.lutfi@family.test
3A American,Oliver Caldwell,oliver.caldwell@family.test
3A American,Ivy Norbury,
3A American,Felix El Masri,felix.el-masri@family.test
3A American,Rita Qadri,rita.qadri@family.test
3A American,Jamil Garrick,jamil.garrick@family.test
3A American,Adam Renshaw,adam.renshaw@family.test
3A American,Hamza Ismail,hamza.ismail@family.test
3A American,Jad Wahbi,jad.wahbi@family.test
3A American,Sireen Kendrick,
3A American,Isla Barakat,isla.barakat@family.test
3B American,Lucas Nabhan,lucas.nabhan@family.test
3B American,Eliza Eastley,eliza.eastley@family.test
3B American,Kareem Prentice,kareem.prentice@family.test
3B American,Youssef Ghanem,youssef.ghanem@family.test
3B American,Maya Sabbagh,maya.sabbagh@family.test
3B American,Ali Ingleby,ali.ingleby@family.test
3B American,Reem Thorley,
3B American,Mazen Kassab,mazen.kassab@family.test
3B American,Noah Brentwood,noah.brentwood@family.test
3B American,Rosie Merrick,rosie.merrick@family.test
3B American,Zayd Darwish,zayd.darwish@family.test
3B American,Yara Obeid,yara.obeid@family.test
3B American,Salma Fairholm,salma.fairholm@family.test
3B American,Malak Quillan,
3B American,Dana Hourani,dana.hourani@family.test
3B American,Basel Tannous,basel.tannous@family.test
3B American,Harry Jarrow,harry.jarrow@family.test
3B American,Nina Al Amin,nina.al-amin@family.test
3B American,Arthur Lutfi,arthur.lutfi@family.test
3C American,Sana Caldwell,sana.caldwell@family.test
3C American,Amina Norbury,amina.norbury@family.test
3C American,Zain El Masri,zain.el-masri@family.test
3C American,Tala Qadri,tala.qadri@family.test
3C American,Marwan Garrick,marwan.garrick@family.test
3C American,Leen Renshaw,leen.renshaw@family.test
3C American,Freya Ismail,
3C American,Jacob Wahbi,jacob.wahbi@family.test
3C American,Ada Kendrick,ada.kendrick@family.test
3C American,Nabil Barakat,nabil.barakat@family.test
3C American,Karim Mansour,karim.mansour@family.test
3C American,Noor Dunmore,noor.dunmore@family.test
3C American,Sami Oakhurst,sami.oakhurst@family.test
3C American,Aya Fahmy,
3C American,Amelia Rifai,amelia.rifai@family.test
3C American,Ethan Hensley,ethan.hensley@family.test
3C American,Maya-Rose Stanbury,maya-rose.stanbury@family.test
3C American,Hadi Jaber,hadi.jaber@family.test
3C American,Rasha Ashworth,rasha.ashworth@family.test
3C American,Jana Langley,jana.langley@family.test
3C American,Lina Chahine,
3D American,Hiba Obeid,hiba.obeid@family.test
3D American,Anas Fairholm,anas.fairholm@family.test
3D American,Leo Quillan,leo.quillan@family.test
3D American,Clara Hourani,clara.hourani@family.test
3D American,Toby Tannous,toby.tannous@family.test
3D American,Dina Jarrow,dina.jarrow@family.test
3D American,Layla Al Amin,
3D American,Rayan Lutfi,rayan.lutfi@family.test
3D American,Farah Caldwell,farah.caldwell@family.test
3D American,Fares Norbury,fares.norbury@family.test
3D American,Oliver El Masri,oliver.el-masri@family.test
3D American,Ivy Qadri,ivy.qadri@family.test
3D American,Felix Garrick,felix.garrick@family.test
3D American,Rita Renshaw,
3D American,Jamil Ismail,jamil.ismail@family.test
3D American,Adam Wahbi,adam.wahbi@family.test
3E American,Hamza Kendrick,hamza.kendrick@family.test
3E American,Jad Barakat,jad.barakat@family.test
3E American,Sireen Mansour,sireen.mansour@family.test
3E American,Isla Dunmore,isla.dunmore@family.test
3E American,Lucas Oakhurst,lucas.oakhurst@family.test
3E American,Eliza Fahmy,eliza.fahmy@family.test
3E American,Kareem Rifai,
3E American,Youssef Hensley,youssef.hensley@family.test
3E American,Maya Stanbury,maya.stanbury@family.test
3E American,Ali Jaber,ali.jaber@family.test
3E American,Reem Ashworth,reem.ashworth@family.test
3E American,Mazen Langley,mazen.langley@family.test
3E American,Noah Chahine,noah.chahine@family.test
3E American,Rosie Nabhan,
3E American,Zayd Eastley,zayd.eastley@family.test
3E American,Yara Prentice,yara.prentice@family.test
3E American,Salma Ghanem,salma.ghanem@family.test
3E American,Malak Sabbagh,malak.sabbagh@family.test
3E American,Dana Ingleby,dana.ingleby@family.test
3E American,Basel Thorley,basel.thorley@family.test
3E American,Harry Kassab,
3E American,Nina Brentwood,nina.brentwood@family.test
3E American,Arthur Merrick,arthur.merrick@family.test
3E American,Sana Darwish,sana.darwish@family.test
